00ALIMENTOS15-04-2021 00:06:2801;;;;;;;;;;;;
ID_CORPO;ID_ALIMENTO;NOME;PORÇÃO;CALORIAS;COLESTEROL;CARBOIDRATO;FIBRA;CALCIO;FERRO;SODIO;PROTEINA;CATEGORIA_ID
2;1;Arroz integral cozido                        ;100;123,53;0;25,8;2,74;5,2;0,26;1,24;2,58;1
2;2;Arroz integral cru                           ;100;359,67;0;77,45;4,81;7,81;0,94;1,64;7,32;1
2;3;Arroz branco cozido                          ;100;128,25;0;28,05;1,56;3,54;0,07;1,2;2,52;1
2;4;Arroz branco cru                             ;100;357,78;0;78,75;1,63;4,41;0,07;1,01;7,15;1
2;5;Aveia em flocas crua                         ;100;393,82;0;66,63;9,13;47,89;4,44;4,62;13,92;1
2;6;Bolacha de maisena                           ;100;442,81;0;75,23;2,1;54,45;1,76;352,02;8,07;1
2;7;Bolacha recheada de chocolate                ;100;471,82;0;70,54;2,95;27,23;2,27;239,02;6,39;1
2;8;Bolacha recheada de morango                  ;100;471,17;0;71,01;1,53;35,78;1,48;229,81;5,71;1
2;9;Bolacha Wafer de chocolate                   ;100;502,45;0;67,53;1,8;23,34;2,44;137,24;5,56;1
2;10;Bolacha wafer de morango                     ;100;513,44;1,26;67,35;0,82;13,7;1,09;119,9;4,51;1
2;11;Bolacha cream cracker                        ;100;431,73;0;68,73;2,51;20;2,02;854,35;10,05;1
2;12;Bolo de mandioca                             ;100;323,85;73,2;47,88;0,69;85;0,48;111;4,41;1
2;13;Bolo de chocolate                            ;100;410,01;76,79;54,71;1,43;74,58;2,13;283,03;6,22;1
2;14;Bolo de coco                                 ;100;33,43;63,2;52,27;57,1;1,05;0,84;190,33;5,06;1
2;15;Bolo de milho                                ;100;311,38;81,68;45,1;0,71;82,58;0,65;133,81;4,8;1
2;16;Canjica crua                                 ;100;357,6;0;78,06;5,49;1,96;0,32;0,78;7,02;1
2;17;Canjica com leite                            ;100;112,45;1,35;23,62;1,21;42,56;0,05;27,58;2,36;1
2;18;Mingau de milho                              ;100;394,42;0;87,26;3,21;218,8;3,03;399,4;6,43;1
2;19;Mistura pra vitamina                         ;100;381,13;0;81,61;4,98;584,25;12,64;1163,25;8,89;1
2;20;Cereal matinal de milho                      ;100;376,55;0;88,84;2,1;56,42;3,9;405,31;4,74;1
2;21;Creme de arroz                               ;100;386;0;83,86;1,07;7;0,63;1,03;7,02;1
2;22;Creme de milho                               ;100;333,03;0;86,14;3,72;323,16;4,25;165,72;4,82;1
2;23;Curau de milho verde                         ;100;78,43;4,74;13,98;0,45;52,59;44;20,52;2,36;1
2;24;Farinha de arroz                             ;100;363,05;0;85,5;0,58;1,12;31,38;17,1;1,26;1
2;25;Farinha de centeio                           ;100;335,77;0;73,29;15,48;33,91;4,73;41,37;12,51;1
2;26;Farinha de milho                             ;100;350,58;0;79;5,49;1,28;2,25;44,93;7,18;1
2;27;Farinha de rosca                             ;100;370,57;0;75,78;4,82;35,29;6,73;332,5;11,38;1
2;28;Farinha de trigo                             ;100;360,47;0;75;2,34;17,86;0,95;0,73;9,7;1
2;29;Farinha láctea                               ;100;414,85;11,27;77,78;1,94;196,06;8,87;125,07;11,87;1
2;30;Lasanha massa cozida                         ;100;163,76;0;32,52;1,63;9,97;1,18;206,76;5,81;1
2;31;Lasanha massa crua                           ;100;220,3;0;45,05;1,6;16,54;1,87;666,71;7;1
2;32;Miojo                                        ;100;435,86;0;62,43;5,61;17,62;0,08;1515,52;8,79;1
2;33;Macarrão                                     ;100;371,12;0;77,94;2,92;17,3;0,88;7,17;9,99;1
2;34;Maizena                                      ;100;361,36;0;87,14;0,74;1,05;0,12;8,08;0,59;1
2;35;Fubá                                         ;100;353,48;0;78,88;4,71;2,66;0,85;0;7,23;1
2;36;Milho verde                                  ;100;138,16;0;28,55;3,91;1,61;0,41;1,11;6,58;1
2;37;Milho enlatado                               ;100;97,5;0;17,13;4,64;2,16;0,58;260,34;3,22;1
2;38;Pamonha                                      ;100;171,21;0;30,68;2,37;4,16;0,35;131,99;2,55;1
2;39;Pão de forma                                 ;100;252,99;0;44,19;2,48;155,72;5,71;22,04;11,95;1
2;40;Pão de milho                                 ;100;292,01;5,58;56,39;4,29;77,84;3,04;506,64;8,3;1
2;41;Pão integral                                 ;100;253,19;0;49,94;6,88;131,89;2,99;506,1;9,25;1
2;42;Pão francês                                  ;100;299,81;0;58,64;2,3;15,75;1;647,67;7,95;1
2;43;Pão sovado                                   ;100;310,96;16,56;61,45;2,43;51,61;2,26;430,79;8,39;1
2;44;Pastel de carne                              ;100;388,37;25,33;43,76;0,98;12,55;2,5;1039,88;10,1;1
2;45;Pastel de queijo                             ;100;422,11;15,37;48,13;0,94;126,12;1,34;821,38;8,7;1
2;46;Pipoca                                       ;100;448,33;0;70,31;14,33;2,82;1,15;4,32;9,92;1
2;47;Abóbora                                      ;100;48,04;0;10,76;2,46;7,62;0,34;1,45;1,44;2
2;48;Abobrinha                                    ;100;15,03;0;2,97;1,58;16,72;0,15;0,83;1,12;2
2;49;Acelga                                       ;100;20,94;0;4,63;1,12;42,98;0,26;1,18;1,44;2
2;50;Aipo                                         ;100;19,09;0;4,27;0,95;65,22;0,72;9,51;0,75;2
2;51;Alface                                       ;100;8,79;0;1,74;1,02;14,44;0,26;7,3;0,6;2
2;52;Alho                                         ;100;113,12;0;23,9;4,32;13,56;0,08;5,36;7,01;2
2;53;Alho poró                                    ;100;31,5;0;6,87;2,5;33,61;0,64;1,76;1,41;2
2;54;Almeirão                                     ;100;18,03;0;3,33;2,58;19,49;0,76;2,35;1,76;2
2;55;Batata baroa                                 ;100;80,11;0;18,94;1,75;11,85;0,42;2,09;0,85;2
2;56;Batata doce                                  ;100;76,75;0;18,42;2,21;17,15;0,18;2,69;0,64;2
2;57;Batata frita                                 ;100;542,72;0;51,22;2,45;11,59;0,69;607,39;5,58;2
2;58;Batata sauté                                 ;100;67,88;0;14,09;1,37;4,18;0,25;8,18;1,29;2
2;59;Berinjela                                    ;100;18,84;0;4,46;2,52;10,77;0,22;1,32;0,67;2
2;60;Beterraba                                    ;100;32,15;0;7,23;1,87;15,25;0,23;22,76;1,29;2
2;61;Biscoito de povilho                          ;100;97,8;9,38;80,53;1,15;30,45;1,76;2,88;1,29;2
2;62;Brócolis                                     ;100;24,63;0;4,36;3,41;50,77;0,53;2,12;2,13;2
2;63;Cebola                                       ;100;39,42;0;8,85;2,18;14;0,2;0,59;1,71;2
2;64;Cenoura                                      ;100;29,86;0;6,68;2,62;25,61;0,09;7,88;0,84;2
2;65;Chuchu                                       ;100;18,53;0;4,79;1,03;7,82;0,06;1,8;0,41;2
2;66;Coentro                                      ;100;18,25;0;47,95;2,03;37,29;783,81;81,43;20,87;2
2;67;Couve                                        ;100;27,05;0;4,33;3,12;130,86;0,45;6,17;2,87;2
2;68;Couve flor                                   ;100;22,56;0;4,51;2,35;17,82;0,53;3,43;1,9;2
2;69;Espinafre                                    ;100;16,09;0;2,57;2,01;97,5;0,35;17,09;1,99;2
2;70;Farinha de mandioca                          ;100;360,86;0;87,89;6,39;64,87;1,09;1,02;1,55;2
2;71;Fécula de mandioca                           ;100;330,85;0;81,14;0,64;11,89;0,1;2,44;0,52;2
2;72;Feijão                                       ;100;38,72;0;7,75;1,96;14,48;0,82;1,79;4,16;2
2;73;Jiló                                         ;100;27,36;0;6,19;4,82;19,97;0,33;0;1,4;2
2;74;Mandioca                                     ;100;125,35;0;1,55;18,62;0,07;0,9;0;0,57;2
2;75;Mandioca frita                               ;100;300,05;0;50,25;1,87;23,05;0,32;8,93;1,38;2
2;76;Nhoque                                       ;100;180,77;15,07;36,78;1,78;11,42;1,64;7,06;5,85;2
2;77;Palmito                                      ;100;23,19;0;3,15;58,28;0,3;12,5;513,82;1,79;2
2;78;Pão de queijo                                ;100;363,07;67,72;34,24;0,55;102,49;0,27;773,49;5,12;2
2;79;Pepino                                       ;100;9,53;0;2,03;1,12;9,61;0,14;0;0,86;2
2;80;Pimentão amarelo                             ;100;27,92;0;5,96;1,92;9,61;0,41;0;1,22;2
2;81;Pimentão verde                               ;100;21,28;0;4,89;2,56;8,76;0,41;0;1,05;2
2;82;Pimentão vermelho                            ;100;23,28;0;5,46;1,59;6,37;0,33;0;1,03;2
2;83;Polvilho doce                                ;100;351,22;0;86,77;0,23;27,41;0,51;1,57;0,43;2
2;84;Quiabo                                       ;100;29,93;0;6,37;4,55;112,15;0,36;0,89;1,91;2
2;85;Rabanete                                     ;100;13,73;0;2,72;2,19;20,86;0,35;10,99;1,39;2
2;86;Repolho branco                               ;100;17,11;0;3,85;1,89;34,54;0,15;3,64;0,87;2
2;87;Repolho roxo cru                             ;100;30,9;0;7,2;1,9;43,6;0,51;2,3;1,9;2
2;88;Repolho roxo refogado                        ;100;41,77;0;7,56;1,75;42,58;0,46;3,41;1,8;2
2;89;Rucúla crua                                  ;100;13,13;0;2,21;1,74;116,56;0,93;9,41;1,76;2
2;90;Salsa crua                                   ;100;33,42;0;5,7;1,85;179,41;3,18;2,3;3,25;2
2;91;Seleta de legumes enlatada                   ;100;56,53;0;12,66;3,09;16,15;1,06;398,13;3,42;2
2;92;Serralha crua                                ;100;30,39;0;4,94;3,51;126,02;1,26;19,34;2,67;2
2;93;Taioba crua                                  ;100;34,2;0;5,43;4,45;141,08;1,9;1,16;2,89;2
2;94;Tomate com semente cru                       ;100;15,33;0;3,13;1,17;6,94;0,23;1,02;1,09;2
2;95;Extrato de tomate                            ;100;60,93;0;14,95;2,8;29,07;2,09;497,93;2,43;2
2;96;Molho de tomate industrializado              ;100;38,44;0;7,71;3,11;11,72;1,57;418,28;1,38;2
2;97;Purê de tomate                               ;100;27,93;0;6,84;1,02;13,24;1,25;103,93;1,36;2
2;98;Salada de tomate                             ;100;20,54;0;5,11;2,26;6,94;0,29;5,24;0,81;2
2;99;Vagem crua                                   ;100;24,89;0;5,34;2,38;41,1;0,43;0;1,78;2
2;100;Abacate cru                                  ;100;96,15;0;6,03;6,31;7,91;0,2;0;1,23;3
2;101;Abacaxi cru                                  ;100;48,32;0;12,33;0,98;22,43;0,25;0;0,85;3
2;102;Polpa de abacaxi congelada                   ;100;30,59;0;7,78;0,32;13,53;0,35;1,23;0,46;3
2;103;Abiu                                         ;100;62,42;0;14,92;1,69;5,78;0,15;0;0,83;3
2;104;Polpa de açai com xapore de guaraná e glucose;100;110,29;0;21,45;1,72;22,15;0,26;15,09;0,72;3
2;105;Polpa de açãi congelada                      ;100;58,04;0;6,2;2,55;35,18;0,43;0,43;0,79;3
2;106;Acerola crua                                 ;100;33,46;0;7,96;1,51;12,55;0,22;0;0,9;3
2;107;Polpa de acerola congelada                   ;100;21,93;0;5,54;0,7;7,59;0,16;1,28;0,59;3
2;108;Ameixa em caldas enlatada                    ;100;182,84;0;46,82;0,51;13,15;2,15;2,7;0,4;3
2;109;Ameixa crua                                  ;100;52,54;0;13,85;2,43;5,72;0,1;0;0,77;3
2;110;Ameixa em caldas drenada enlatada            ;100;177,35;0;47,65;4,54;39,23;2,69;2,79;1,02;3
2;111;Atemóia crua                                 ;100;96,97;0;25,33;2,13;22,76;0,16;0,78;0,97;3
2;112;Banana da terra crua                         ;100;128,02;0;33,66;1,52;4,15;0,29;0;1,43;3
2;113;Doce de banana em barra                      ;100;280,1;0;75,66;3,83;11,95;0,61;9,88;2,16;3
2;114;Banana figo crua                             ;100;105,08;0;27,8;2,8;6,35;0,19;0;1,13;3
2;115;Banana maçã                                  ;100;86,8;0;22,33;2,59;3,22;0,2;0;1,75;3
2;116;Banana nanica                                ;100;91,52;0;23,84;1,94;3,41;0,34;0;1,39;3
2;117;Banana ouro                                  ;100;112,36;0;29,34;1,95;3,18;0,33;0;1,48;3
2;118;Banana pacova                                ;100;77,9;0;20,31;2,03;5,49;0,37;0,93;1,22;3
2;119;Banana prata                                 ;100;98,24;0;25,95;2,04;7,56;0,38;0;1,26;3
2;120;Cacau cru                                    ;100;74,29;0;19,41;2,18;12,1;0,25;0,7;0,95;3
2;224;Cajá-manga                                   ;100;45,58;0;11,43;2,57;12,74;0,15;1,43;1,27;3
2;225;Polpa de cajá congelada                      ;100;26,32;0;6,37;1,36;9,16;0,32;6,94;0,58;3
2;226;Caju cru                                     ;100;43,06;0;10,28;1,68;1,41;0,15;2,96;0,97;3
2;227;Polpa de caju congelada                      ;100;36,56;0;9,35;0,81;0,83;0,14;4,16;0,48;3
2;228;Suco de caju concentrado envasado            ;100;45,1;0;10,73;0,62;0,97;0,14;45,04;0,4;3
2;229;Caqui chocolate                              ;100;71,35;0;19,32;6,51;17,84;0,09;2,18;0,35;3
2;230;Carambola                                    ;100;45,74;0;11,48;2,03;4,78;0,19;4,09;0,87;3
2;231;Ciriguela                                    ;100;75,59;0;18,85;3,9;27,41;0,35;1,68;1,39;3
2;232;Cupuaçu                                      ;100;49,42;0;10,43;3,11;13,12;0,48;3,19;1,16;3
2;233;Polpa de cupuaçu congelada                   ;100;48,79;0;11,38;1,59;5,49;0,25;0,68;0,84;3
2;234;Figo                                         ;100;41,44;0;10,24;1,79;27,39;0,2;0;0,96;3
2;235;Figo em caldas enlatado                      ;100;184,36;0;50,33;1,97;32,61;0,5;6,87;0,56;3
2;236;Fruta-pão                                    ;100;67,04;0;17,17;5,54;33,67;0,23;0,79;1,08;3
2;237;Goiaba branca com casca                      ;100;51,73;0;12,4;6,33;5;0,17;0;0,89;3
2;238;Doce de goiaba em pasta                      ;100;268,95;0;74,12;3,73;10,06;0,4;3,7;0,57;3
2;239;Doce de goiaba cascão                        ;100;285,58;0;78,7;4,36;14,69;0,4;11,02;0,41;3
2;240;Goiaba vermelha com casca                    ;100;54,16;0;13;6,22;4,45;0,17;0;1,08;3
2;241;Graviola                                     ;100;61,62;0;15,83;1,9;40,11;0,16;4,16;0,84;3
2;242;Polpa de graviola congelada                  ;100;38,27;0;9,78;1,18;5,97;0,1;3,04;0,56;3
2;243;Jabuticaba                                   ;100;58,05;0;15,25;2,29;8,34;0,09;0;0,61;3
2;244;Jaca                                         ;100;87,92;0;22,49;2,38;11,24;0,38;1,8;1,4;3
2;245;Jambo                                        ;100;26,91;0;6,49;5,07;13,8;0,13;21,65;0,88;3
2;246;Jamelão                                      ;100;41;0;10,62;1,77;3,09;0,04;1,36;0,54;3
2;247;Kiwi                                         ;100;51,13;0;11,49;2,65;23,91;0,25;0;1,33;3
2;248;Laranja-baía                                 ;100;45,43;0;11,46;1,12;35,4;0,13;0;0,97;3
2;249;Suco de laranja baía                         ;100;36,64;0;8,69;0;5,92;0,06;0;0,65;3
2;250;Laranja da terra                             ;100;51,47;0;12,86;3,97;51,08;0,14;0,83;1,07;3
2;251;Suco de laranja da terra                     ;100;40,95;0;9,57;1,03;13,38;0,08;0;0,66;3
2;252;Laranja lima                                 ;100;49,7;0;11,53;1,78;31,46;0,12;1,11;1,05;3
2;253;Suco de laranja lima                         ;100;39,33;0;9,16;0,42;7,73;0;0;0,71;3
2;254;Laranja pêra                                 ;100;36,77;0;8,94;0,76;21,88;0,09;0;1,04;3
2;255;Suco de laranja pêra                         ;100;32,7;0;7,55;0;7,36;0;0;0,73;3
2;256;Laranja valência                             ;100;46,1;0;11,72;1,72;33,73;0,09;0,62;0,76;3
2;257;Suco de laranja valência                     ;100;36,19;0;8,55;0,42;9,07;0;0;0,48;3
2;258;Suco de limão cravo                          ;100;14,1;0;5,24;0;10,18;0,07;0;0,32;3
2;259;Suco de limão galego                         ;100;22,22;0;7,32;0;5,26;0,05;0;0,56;3
2;260;Limão tahiti                                 ;100;31,81;0;11,08;1,18;50,98;0,17;1,24;0,93;3
2;261;Maçã argentina com casca                     ;100;62,53;0;16,58;2,02;3,39;0,05;1,31;0,22;3
2;262;Maçã fuji com casca                          ;100;55,51;0;15,15;1,34;1,92;0,09;0;0,28;3
2;263;Macaúba                                      ;100;404,28;0;13,94;13,44;66,53;0,8;0,65;2,08;3
2;264;Doce de mamão em caldas drenado              ;100;195,62;0;54;1,31;20,01;0,1;2,91;0,19;3
2;265;Mamão formosa                                ;100;45,34;0;11,55;1,81;24,87;0,23;3,25;0,81;3
2;266;Mamão papaia                                 ;100;40,15;0;10,43;1,04;22,41;0,19;1,63;0,45;3
2;267;Doce de mamão verde em caldas drenado        ;100;209,37;0;57,63;1,23;12,43;0,15;4,74;0,31;3
2;268;Manga haden                                  ;100;63,5;0;16,66;1,58;11,65;0,09;0,55;0,4;3
2;269;Manga palmer                                 ;100;77,49;0;19,35;1,63;11,63;0,09;1,86;0,41;3
2;270;Polpa de manga congelada                     ;100;48,3;0;12,51;1,07;7,12;0,08;6,73;0,38;3
2;271;Manga tommy atkins                           ;100;50,69;0;12,77;2,06;7,63;0,08;0;0,85;3
2;272;Maracujá                                     ;100;68,43;0;12,26;1,13;5,39;0,56;1,58;1,98;3
2;273;Polpa de maracujá congelada                  ;100;38,75;0;9,59;0,5;4,6;0,29;8,09;0,81;3
2;274;Suco de maracujá concentrado envasado        ;100;41,96;0;9,63;0,35;4,15;0,34;21,69;0,76;3
2;275;Melancia                                     ;100;32,6;0;8,13;0,12;7,72;0,22;0;0,88;3
2;276;Melão                                        ;100;29,36;0;7,52;0,25;2,85;0,23;11,16;0,67;3
2;277;Mexerica murcote                             ;100;57,59;0;14,82;3,07;33,07;0,06;1,16;0,88;3
2;278;Mexerica rio                                 ;100;36,87;0;9,33;2,73;17,18;0,08;1,82;0,65;3
2;279;Morango                                      ;100;30,14;0;6,81;1,72;10,9;0,32;0;0,89;3
2;280;Nêspera                                      ;100;42,53;0;11,52;2,95;19,68;0,14;0;0,3;3
2;281;Pequi                                        ;100;204,96;0;12,97;19,04;32,44;0,27;0;2,33;3
2;282;Pêra park                                    ;100;60,58;0;16,07;2,98;8,71;0,32;0,98;0,23;3
2;283;Pêra williams                                ;100;53,3;0;14,02;3,01;8,27;0,09;0;0,56;3
2;284;Pêssego aurora                               ;100;36,32;0;9,32;1,42;3,23;0,22;0;0,82;3
2;285;Pêssego em caldas enlatado                   ;100;63,14;0;16,88;1,01;4,09;0,6;3,2;0,7;3
2;286;Pinha                                        ;100;88,47;0;22,44;3,35;20,88;0,21;1,33;1,48;3
2;287;Pitanga                                      ;100;41,41;0;10,24;3,23;17,87;0,39;1,7;0,92;3
2;288;Polpa de pitanga congelada                   ;100;19,1;0;4,75;0,73;7,79;0,37;5,02;0,28;3
2;289;Romã                                         ;100;55,73;0;15,1;0,43;4,75;0,25;0,59;0,4;3
2;290;Tamarindo                                    ;100;275,69;0;72,53;6,44;37,1;0,55;0,35;3,2;3
2;291;Tangerina poncã                              ;100;37,83;0;9,6;0,94;12,89;0,11;0;0,84;3
2;292;Suco de tangerina poncã                      ;100;36,1;0;8,8;0;4,2;0;0;0,52;3
2;293;Tucumã                                       ;100;262,01;0;26,47;12,65;46,33;0,56;3,89;2,09;3
2;294;Umbu                                         ;100;37,01;0;9,39;1,98;11,56;0,09;0;0,84;3
2;295;Polpa de umbu congelada                      ;100;33,94;0;8,78;1,33;10,71;0,2;5,77;0,51;3
2;296;Uva itália                                   ;100;52,87;0;13,57;0,92;6,66;0,14;0;0,74;3
2;297;Uva rubi                                     ;100;49,06;0;12,69;0,93;7,61;0,17;7,91;0,6;3
2;298;Suco de uva concentrado envasado             ;100;57,65;0;14,7;0,23;9,31;0,12;9,58;0;3
2;299;Azeite de dendê                              ;100;884;0;0;0;0;0;0;0;4
2;300;Azeite de oliva extra virgem                 ;100;884;0;0;0;0;0;0;0;4
2;301;Manteiga com sal                             ;100;725,96;200,55;0,06;0;9,42;0,15;578,69;0,41;4
2;302;Manteiga sem sal                             ;100;757,54;213,95;0;0;3,6;0;3,84;0,39;4
2;303;Margarina com óleo hidrogenado com sal       ;100;596,11;0;0;0;5,55;0,08;894,03;0;4
2;304;Margarina com óleo hidrogenado sem sal       ;100;722,52;0;0;0;2,59;0,05;77,89;0;4
2;305;Margarina com óleo interesterificado com sal ;100;594,45;0;0;0;4,54;0;560,79;0;4
2;306;Margina com óleo interesterificado sem sal   ;100;593,13;0;0;0;4,96;0,07;33,19;0;4
2;307;Óleo de babaçu                               ;100;884;0;0;0;0;0;0;0;4
2;346;Óleo de canola                               ;100;884;0;0;0;0;0;0;0;4
2;347;Óleo de girassol                             ;100;884;0;0;0;0;0;0;0;4
2;348;Óleo de milho                                ;100;884;0;0;0;0;0;0;0;4
2;349;Óleo de pequi                                ;100;884;0;0;0;0;0;0;0;4
2;350;Óleo de soja                                 ;100;884;0;0;0;0;0;0;0;4
2;379;Filé de abadejo assado                       ;100;111,61;102,79;0;0;22,6;0,52;334,39;23,52;5
2;380;Filé de abadejo cozido                       ;100;91,1;86,86;0;0;16,73;0,32;189,33;19,34;5
2;381;Filé de abadejo cru                          ;100;59,11;31,4;0;0;10,17;0,1;78,51;13,08;5
2;382;Filé de abadejo grelhado                     ;100;129,64;135,85;0;0;20,17;0,32;305,09;27,61;5
2;383;Atum em conversa em óleo                     ;100;165,91;52,93;0;0;6,51;1,22;362,14;26,18;5
2;384;Atum fresco cru                              ;100;117,5;47,8;0;0;6,69;1,27;30,3;25,68;5
2;385;Bacalhau salgado cru                         ;100;135,89;138,88;0;0;156,96;0,85;13585,05;29,03;5
2;386;Bacalhau salgado refogado                    ;100;139,66;111,96;1,22;0;59,12;0,15;1256,27;23,97;5
2;387;Cação em postas com farinha de trigo frito   ;100;208,33;74,9;3,1;0,53;30,44;0,99;160,03;24,95;5
2;388;Cação em postas cozido                       ;100;116,01;83,25;0;0;10,32;0,31;114,9;25,58;5
2;393;Cação em postas cru                          ;100;83,33;36,12;0;0;8,7;0,2;176,02;17,85;5
2;394;Camarão rio grande cozido                    ;100;90,01;204,85;0;0;89,74;1,27;366,55;18,96;5
2;395;Camarão rio grande cru                       ;100;47,18;123,98;0;0;51,11;0,66;201,12;9,91;5
2;397;Camarão sete barbas frito                    ;100;231,24;283,13;2,87;0;959,7;2,43;99,05;18,38;5
2;398;Caranguejo cozido                            ;100;82,72;84,6;0;0;357,15;2,86;360,1;18,47;5
2;399;Corimba cru                                  ;100;128,15;40,23;0;0;40,05;0,5;47,01;17,36;5
2;400;Corimbatá assado                             ;100;261,45;80,09;0;0;22,3;0,97;40,42;19,89;5
2;401;Corimbatá cozido                             ;100;238,69;74,61;0;0;64,68;0,62;37,16;20,13;5
2;402;Corvina de água doce crua                    ;100;101;73,11;0;0;39,43;0,25;45,09;18,91;5
2;403;Corvina do mar crua                          ;100;94;67,07;0;0;0;0,37;67,97;18,57;5
2;404;Corvina grande assada                        ;100;146,52;117,05;0;0;60,22;0,53;85,35;26,76;5
2;405;Corvina grande cozida                        ;100;100,07;122,55;0;0;69,37;0,57;68,39;23,43;5
2;406;Dourado de água doce                         ;100;131,2;51,98;0;0;12,13;0,15;40,29;18,81;5
2;407;Lambari congelado cru                        ;100;130,84;158,66;0;0;1181,27;0,9;47,92;16,81;5
2;408;Lambari congelado frito                      ;100;326,86;246,32;0;0;1881,03;0,81;64,55;28,43;5
2;409;Lambari fresco cru                           ;100;151,59;144,25;0;0;590,72;0,63;41,1;15,65;5
2;410;Manjuba com farinha de trigo frita           ;100;343,55;281,75;10,24;0,36;763,3;3,04;36,52;23,45;5
2;411;Manjuba frita                                ;100;349,32;270,34;0;0;575,02;0,91;40,61;30,13;5
2;412;Filé de Merluza Assado                       ;100;121,9;90,9;0;0;35,9;0,3;119,9;26,6;5
2;413;Filé de Pescada cru                          ;100;89,1;57,18;0;0;20,4;0,1;79,5;16,6;5
2;414;Filé de Pescada frito                        ;100;30,9;109,1;7,2;1,9;43,6;0,51;2,3;26,9;5
2;415;Filé de Pescada ao Molho escabeche           ;100;191,6;0;0;0;35,6;0;89,9;1,9;5
2;416;Pescadinha crua                              ;100;76,4;83,6;0;0;331,5;0,5;120,3;15,4;5
2;417;Pintado Assado                               ;100;191,5;125,9;0;0;113,5;0,7;80,9;36,4;5
2;418;Pintado cru                                  ;100;91;50,3;0;0;12;0,2;43,3;18,5;5
2;419;Porquinho cru                                ;100;93;48,6;0;0;25,8;0,3;66,7;20,4;5
2;420;Filé de Salmão Grelhado                      ;100;228,7;85,3;0;0;28,7;0,5;85,1;23,9;5
2;421;Filé de Salmão cru                           ;100;169,7;53;0;0;8,7;0,24;64,2;19,2;5
2;422;Sardinha Assada                              ;100;164,3;108,9;0;0;437,7;1,2;74,4;32,1;5
2;423;Sardinha Enlatada                            ;100;284,9;72,5;0;0;550,2;0;665,8;15,9;5
2;424;Sardinha frita                               ;100;257;102,8;0;0;482;1,1;60;33,3;5
2;425;Sardinha cru                                 ;100;113,9;60,5;0;0;167,3;1,3;60,3;21;5
2;426;Apresuntado                                  ;100;128,8;37,6;2,8;0;22,5;0,8;942,9;13,4;6
2;427;Tablete de caldo de carne                    ;100;240,6;0;15;0,5;129;0;22179,6;7,82;6
2;428;Tablete de caldo de galinha                  ;100;251,4;2,1;10,6;11,8;16,3;0,68;22299,9;6,2;6
2;429;Carne bovina cozida                          ;100;212,4;103,1;0;0;4;2,6;52,3;26,6;6
2;430;Carne bovina cru                             ;100;136,5;57,9;0;0;43,6;1,7;48,6;19,4;6
2;431;Carne bovina frita                           ;100;271,8;36,3;14,2;0;26,7;1,9;1030,2;18,1;6
2;432;Almôndega                                    ;100;271,8;36,3;14,2;0;26,7;1,9;1030,2;18,1;6
2;433;Carne Contra-Filé cru                        ;100;216,9;62,8;0;0;5,86;1,51;57,5;19,1;6
2;434;Carne Contra-Filé Assado                     ;100;311,7;120,4;0;0;7,2;0;80,5;30,6;6
2;435;Carne Contra-Filé à Milanesa                 ;100;351,5;99,3;12,1;0,37;14,6;2,8;77;20,6;6
2;436;Carne Contra-filé de costela cru             ;100;202,4;52,31;0;0;3,16;1,5;38,5;19,8;6
2;437;Carne Contra-filé de costela Assado          ;100;274,9;97,8;0;0;4,2;2,7;50,8;29,8;6
2;438;Carne Coxão duro Cozido                      ;100;216,6;71,1;0;0;3,98;1,7;41,1;31,8;6
2;439;Carne Coxão duro cru                         ;100;147,9;59,9;0;0;2,9;0;48,5;21,5;6
2;440;Carne Coxão mole Cozido                      ;100;218,6;84,1;0;0;3,7;0,51;43,5;32,3;6
2;441;Carne Coxão mole cru                         ;100;169;83,8;0;0;2,9;1,8;60,5;21,2;6
2;442;Carne cupim Assado                           ;100;330,1;90,8;0;0;7,6;2,7;71,5;28,6;6
2;443;Carne Cupim cru                              ;100;221,3;50,9;0;0;3,5;1,1;46,8;19,5;6
2;444;Carne fígado cru                             ;100;141;392,8;1,1;0;4,1;5,6;75,9;20,7;6
2;445;Carne fígado frito                           ;100;225;601,4;4,2;0;5,56;5,7;82,1;29,8;6
2;446;Carne Filé Mignon cru                        ;100;142,8;54,7;0;0;2,9;1,9;48,8;21,6;6
2;447;Carne Filé Mignon grelhada                   ;100;219,7;102,8;7,2;1,9;4,3;2,8;57,9;32,8;6
2;448;Carne Fraldinha cozida                       ;100;338,4;64,8;0;0;3,2;2;38,7;24,2;6
2;449;Carne Fraldinha cru                          ;100;220,7;54,3;0;0;3,1;1,5;51,2;17,5;6
2;450;Carne Lagarto cozida                         ;100;222,4;55,7;0;0;3,5;1,8;47,5;32,8;6
2;451;Carne Lagarto cru                            ;100;134,8;55,7;0;0;2,5;1,3;53,5;20,5;6
2;452;Carne Língua cozida                          ;100;59;105;0;0;5,9;2;59;21,3;6
2;453;Carne Língua cru                             ;100;215,2;117,8;0;0;5;1,7;73;17;6
2;454;Carne Maminha cru                            ;100;152,7;50,8;0;0;2,8;1,1;37,4;20,9;6
2;455;Carne Maminha Grelhada                       ;100;153;87,7;0;0;4,1;2,4;58,1;30,7;6
2;456;Carne miolo de Alcatra cru                   ;100;162,8;60,3;0;0;3,1;1,9;43;21,6;6
2;457;Carne miolo de Alcatra grelhado              ;100;241,3;92,2;0;0;4,5;3,1;51,6;31,9;6
2;458;Carne Músculo cozido                         ;100;193,8;56,1;0;0;4,9;2,3;61,7;31,2;6
2;459;Carne Músculo cru                            ;100;141,5;50,9;0;0;3,6;1,8;66;21,5;6
2;460;Carne Paleta cru                             ;100;158,7;58,2;0;0;4,3;1,7;64,9;21,4;6
2;461;Carne Paleta cozida                          ;100;193,6;55,6;0;0;5,6;2,1;57,6;29,7;6
2;462;Carne Patinho cru                            ;100;133,4;55,6;0;0;3,2;1,7;49,1;21,7;6
2;463;Carne Patinho cozido                         ;100;219,2;125,6;0;0;4,7;3;60,2;35,9;6
2;464;Carne Picanha cru                            ;100;212,8;59,5;0;0;2,4;1,7;37,6;18,8;6
2;465;Carne Picanha grelhada                       ;100;288,7;91,7;0;0;4;3,2;60;26,4;6
2;466;Carne Seca cozida                            ;100;312,7;100,1;0;0;12,7;1,8;1943,1;26,9;6
2;467;Carne Seca cru                               ;100;312,7;91,5;0;0;14,1;1,3;4439,5;19,6;6
2;468;Coxinha de frango frita                      ;100;283;14,8;34,5;4,9;18,3;1,2;532,1;9,6;6
2;469;Croquete de carne                            ;100;245,7;29,8;13,9;0;15,4;2,5;710,6;12;6
2;470;Empada de frango Assada                      ;100;358,1;22,7;47,4;2,1;15,6;1,1;524,9;6,9;6
2;471;Asa de Frango                                ;100;213,1;113,4;0;0;10,9;0,5;96,3;18,1;6
2;472;Frango Caipira cozido                        ;100;195,7;105,5;0;0;66,1;2,1;53,2;29,5;6
2;473;Coração de frango                            ;100;221,5;159,2;0;0;5,5;4;95;12,5;6
2;474;Coxa de frango                               ;100;215,1;145,4;0;0;8,3;1,2;94,8;28,4;6
2;475;Fígado de frango                             ;100;106,4;340,5;0;0;5,6;9,5;82,4;17,5;6
2;476;Filé de frango à milanesa                    ;100;220,8;84,3;7,5;1,1;8,9;1;122,3;28,4;6
2;477;Frango Assado                                ;100;187,3;110,9;0;0;9;0,5;70,2;28;6
2;478;Peito de Frango                              ;100;211,6;109;0;0;8,2;0,4;55,7;33,4;6
2;479;Frango sobrecoxa                             ;100;259,6;158,2;0;0;10,6;1,2;95,9;28,7;6
2;480;Hambúrguer bovino                            ;100;214,8;70;4,1;0;34;1,8;869,4;13,1;6
2;481;Linguiça de frango                           ;100;218,1;64,1;0;0;10,8;0,4;1125,8;14,2;6
2;482;Linguiça de porco                            ;100;279,5;74,7;0;0;8,4;0,8;1431,5;20,4;6
2;483;Mortadela                                    ;100;268,8;82,7;5,8;0;66,5;1,4;1212,1;11,9;6
2;484;Peru Assado                                  ;100;163;91,2;0;0;13,8;0,5;627,8;26,2;6
2;485;Bisteca de porco                             ;100;164,1;56,3;0;0;6,1;0,5;54,2;21,5;6
2;486;Costela de porco                             ;100;402,1;112,8;0;0;16,7;1;62,6;30,2;6
2;487;Lombo de porco                               ;100;210,2;103;0;0;19,5;0,4;38,9;35,7;6
2;488;Pernil Assado                                ;100;262,2;109,7;0;0;17,5;1,2;62,4;32,1;6
2;489;Presunto                                     ;100;186;58,6;0;0;12,9;0,8;101,8;20,1;6
2;490;Quibe                                        ;100;136,2;33,7;12,8;1,8;15,6;2,1;39,8;14,5;6
2;491;Salame                                       ;100;397,8;85;2,9;0;87;1,2;1574,1;25,8;6
2;492;Toucnho frito                                ;100;696,5;89,4;0;0;9,4;0,8;124,8;27,2;6
2;493;Bebida láctea                                ;100;55,1;5,3;7,5;0,2;88,6;0;46,2;2,1;7
2;494;Creme de Leite                               ;100;221,4;66,4;4,5;0;82,7;0;0;1,5;7
2;495;Iogurte Natural                              ;100;51,4;13,7;1,9;0;143,1;0;51,6;4;7
2;496;Iogurte Natural Desnatado                    ;100;41,4;3,3;5,7;0;156,9;0;0;3,8;7
2;497;Iogurte de abacaxi                           ;100;336,76;5,63;11,55;0;100,1;0;100;8,55;7
2;498;Iogurte de morango                           ;100;69,56;7,49;9,69;0,21;101,03;0;37,66;2,71;7
2;499;Iogurte de pêssego                           ;100;67,84;8,44;9,43;0,71;95,05;0,05;37,66;2,53;7
2;500;Leite condensado                             ;100;312,57;27,63;56,99;0;246,26;0,12;93,8;7,67;7
2;501;Leite de cabra                               ;100;66,41;13,99;5,24;0;112,24;0,1;73,94;3,07;7
2;502;Achocolatado                                 ;100;82,82;6,08;14,15;0,64;69,79;0,45;71,74;2,09;7
2;503;Leite desnatado em pó                        ;100;361,6;24,78;53,04;0;1363,17;0,92;431,67;34,69;7
2;504;Leite desnatado                              ;100;40,66;3,75;4,99;0;133,8;1,11;51,14;5,55;7
2;505;Leite integral                               ;100;117,25;10,49;10;0;122,58;1;63,76;5,84;7
2;506;Leite integral em pó                         ;100;496,65;85,25;39,18;0;890,27;0,52;323,2;25,42;7
2;507;yakult                                       ;100;69,62;1,85;15,67;0;71,52;0,52;33,43;1,89;7
2;508;Queijo frescal                               ;100;264,27;61,99;3,24;0;579,25;0,93;31,22;17,41;7
2;509;Queijo meia cura                             ;100;320,72;76,29;3,57;0;695,91;0,21;501,16;21,21;7
2;510;Queijo mozarela                              ;100;329,87;79,57;3,04;0;875,03;0,3;581,35;22,64;7
2;511;Queijo parmesão                              ;100;452,96;105,84;1,66;0;991,96;0,53;1844,08;35,55;7
2;512;Queijo pasteurizado                          ;100;303,07;82,15;5,67;0;323,29;0,26;780,42;9,35;7
2;513;Danoninho                                    ;100;121,1;12,06;18,46;0;730,93;0,14;412,46;5,78;7
2;514;Queijo prato                                 ;100;359,88;90,9;1,87;0;939,99;0,28;579,77;22,66;7
2;515;Maria mole                                   ;100;256,57;73,66;2,43;0;259,4;0,11;557,92;9,62;7
2;516;Queijo ricota                                ;100;139,73;48,7;3,78;0;253,23;0,13;282,57;12,6;7
2;517;Bebida isotônica                             ;100;25,61;0;6,4;0;1,23;0,67;44,08;0;8
2;518;Café                                         ;100;9,07;0;1,47;0;3,15;0;1,02;0,71;8
2;519;Cachaça                                      ;100;215,66;0;0;0;0;0;3,14;0;8
2;520;Caldo de cana                                ;100;65,34;0;0;18,1;0,13;9,08;0,75;0;8
2;521;Cerveja pilsen                               ;100;40,72;0;3,31;0;4,98;0;4,23;0,56;8
2;522;Chá de erva-doce                             ;100;1,39;0;0,39;0;1,93;0;0,62;0;8
2;523;Chá mate                                     ;100;2,73;0;0;0,64;0;0,64;0;0;8
2;524;Chá preto                                    ;100;2,24;0;0,62;0;0,25;0;0;0;8
2;525;Água de coco                                 ;100;21,5;0;5,28;0,13;18,83;0;1,78;0;8
2;526;Água tônica                                  ;100;30,77;0;7,95;0;1,07;0;8,29;0;8
2;527;Refrigerante Coca-Cola                       ;100;33,51;0;8,66;0;1,37;0;7,11;0;8
2;528;Refrigerante Guaraná                         ;100;38,7;0;10;0;1,4;0;9;0;8
2;529;Refrigerante Fanta laranja                   ;100;45,62;0;11,79;0;2,34;0;9,27;0;8
2;530;Refrigerante Sprite                          ;100;39,71;0;10,26;0;1,75;0;8,8;0;8
2;531;Omelete com queijo                           ;100;268;383,82;0,43;0;165,72;1,36;216,05;15,57;9
2;532;Ovo de codorna cru                           ;100;176,89;568;0,77;0;78,72;3,34;128,98;13,68;9
2;533;Ovo Cozido                                   ;100;145,7;396,57;0,61;0;49,21;1,51;145,9;13,44;9
2;534;Ovo Cru                                      ;100;143,11;355,94;1,63;0;42,02;1,56;167,91;13,03;9
2;535;Ovo frito                                    ;100;240,18;516,26;1,19;0;72,88;2,09;166,11;15,61;9
2;536;Achocolatado em pó                           ;100;401,02;10,89;91,17;3,89;44,4;5,36;64,78;4,2;10
2;537;Açúcar cristal                               ;100;386,84;0;99,61;0;7,58;0,16;0;0,32;10
2;538;Açúcar mascavo                               ;100;368,55;0;94,45;0;126,52;8,3;25,2;0,75;10
2;539;Açúcar refinado                              ;100;386,57;0;99,54;0;3,5;0,1;12,16;0,32;10
2;540;Chocolate ao leite                           ;100;539,58;16,51;60;59,57;2,17;191,19;1,57;7,22;10
2;541;Chocolate ao leite com castanha do Pará      ;100;558,87;15,5;55,37;2,45;171,23;1,47;64,05;7,41;10
2;542;Chocolate ao Leite Diet                      ;100;556,82;12,96;56,32;2,84;187,88;3,31;84,7;6,89;10
2;543;Chocolate meio amargo                        ;100;474,91;2,22;62,42;4,94;44,66;3,61;8,86;4,86;10
2;544;Cocada branca                                ;100;448,84;0;81,38;3,56;7,05;1,24;28,99;1,12;10
2;545;Doce de abóbora cremoso                      ;100;198,93;0;54,61;2,28;12,98;0,85;0;0,91;10
2;546;Doce de leite                                ;100;306,31;20,05;59,49;0;195,1;0,06;120,08;5,47;10
2;547;Doce de mocotó                               ;100;106,08;0;24,23;0;3,52;0,11;42,68;2,12;10
2;548;Xarope de milho                              ;100;292,11;0;79,38;0;5,66;0,05;58,92;0;10
2;549;Maria mole                                   ;100;301,23;0;73,55;0,66;13,35;0,39;15,3;3,81;10
2;550;Maria mole com coco queimado                 ;100;306,63;0;75,05;0,63;19,45;0,47;14,28;3,93;10
2;551;Marmelada                                    ;100;257,24;0;70,76;4,07;11,32;0,72;10,88;0,4;10
2;552;Mel                                          ;100;309,24;0;84,03;0;10,2;0,25;6,04;0;10
2;553;Melado                                       ;100;296,5;0;76,61;0;102,06;5,39;4,01;0;10
2;554;Quindim                                      ;100;411,34;271,01;46,29;3,22;37,17;1,38;27,36;4,73;10
2;555;Rapadura                                     ;100;351,95;0;90,79;0;30,48;4,44;21,71;0,98;10
2;556;Café em pó torrado                           ;100;418,61;0;65,75;51,22;106,89;8,13;1,13;14,77;11
2;557;Capuccino                                    ;100;417,4;28,9;73,61;2,44;466,59;2,27;382,28;11,31;11
2;558;Fermento químico                             ;100;89,72;0,47;0;43,91;0;0;10052,41;0;11
2;559;Fermento biológico                           ;100;89,79;0;7,69;4,16;18;2,61;39,61;16,95;11
2;560;Gelatina                                     ;100;380,22;0;89,22;0;26,83;0,33;234,92;8,88;11
2;561;Sal dietético                                ;100;0;0;0;0;0;0;23431,52;0;11
2;562;Sal grosso                                   ;100;0;0;0;0;0;0;39943,2;0;11
2;563;Shoyu                                        ;100;60,92;0;11,64;0;14,52;0,49;5024,2;3,31;11
2;564;Tempero a base de sal                        ;100;21,33;0;2,07;0,55;0;0;32560;2,66;11
2;565;Azeitona preta conserva                      ;100;194,15;0;5,54;4,55;58,75;5,45;1566,66;1,16;11
2;566;Azeitona verde conserva                      ;100;136,93;0;4,1;3,84;45,63;0,17;1347,17;0,94;11
2;567;Chantilly                                    ;100;314,95;0;16,85;0;2,27;0;109,7;0,52;12
2;568;Leite de coco                                ;100;166,16;0;2,19;0,68;5,85;0,45;44,29;1,01;12
2;569;Maionese                                     ;100;302,15;42,46;7,89;0;3,47;0,09;786,82;0,58;12
2;570;Acarajé                                      ;100;289,21;25,46;19,11;9,35;124,41;1,93;304,88;8,34;13
2;571;Arroz carreteiro                             ;100;153,77;36,08;11,58;1,5;13,25;0,95;1621,72;10,82;13
2;572;Baião de dois                                ;100;135,68;4,1;20,41;5,06;33,29;0,56;93,29;6,23;13
2;573;Barreado                                     ;100;164,97;60,11;0,23;0,14;14,51;2,44;47,62;18,26;13
2;574;Bife à cavalo                                ;100;291,22;256,63;0;0;25,97;2,1;82,87;23,66;13
2;575;Bolinho de arroz                             ;100;273,51;70,29;41,68;2,73;23,56;2,12;58,85;8,03;13
2;576;Camarão à baiana                             ;100;100,78;116,78;3,17;0,38;42,68;1,41;84,78;7,94;13
2;577;Charuto de repolho                           ;100;78,23;21,34;10,13;1,46;22,88;0,86;12,1;6,77;13
2;578;Cuscuz                                       ;100;113,45;0;25,28;2,05;1,54;0,17;247,66;2,15;13
2;579;cuscuz paulista                              ;100;235,7;2,55;15,04;22,51;2,43;14,16;0,33;0;13
2;580;Cuxá                                         ;100;80,09;58,38;5,73;3,01;105,48;0,94;1344,29;5,64;13
2;581;Dobradinha                                   ;100;124,5;144,01;0;0;11,33;1,01;28,77;19,77;13
2;582;Estrogonofe de carne                         ;100;173,14;0;66,21;2,97;28,31;2,69;122,84;15,03;13
2;583;Estrogonofe de frango                        ;100;156,8;0;79,95;2,59;26,04;1,52;99,45;17,55;13
2;584;Feijão tropeiro mineiro                      ;100;151,56;67,87;19,58;3,57;41,19;2,16;365,07;10,17;13
2;585;Feijoada                                     ;100;116,93;21,96;11,64;5,09;32,38;1,34;278,22;8,67;13
100411;;;;;;;;;;;;
